"subn","condn","escape","choice","rt","fdbk"
1,1,1,0,NA,0
1,1,1,0,NA,0
1,1,1,1,0.856799833425836,1
1,1,1,0,NA,0
1,1,1,0,NA,0
1,1,1,0,NA,0
1,1,1,0,NA,1
1,1,1,1,0.392505523815356,1
1,1,1,0,NA,0
1,1,1,1,1.22944889104941,0
1,1,1,0,NA,0
1,1,1,1,0.693636519423481,1
1,1,1,1,0.556826445878329,1
1,1,1,0,NA,0
1,1,1,1,1.48447327529876,0
1,1,1,1,0.749251679491881,1
1,1,1,0,NA,0
1,1,1,1,0.350793445031657,1
1,1,1,1,0.866578273704353,1
1,1,1,0,NA,0
1,1,1,0,NA,1
1,1,1,0,NA,0
1,1,1,1,1.91906900463415,1
1,1,1,0,NA,0
1,1,1,0,NA,1
1,1,1,0,NA,0
1,1,1,1,0.668898951420378,1
1,1,1,1,1.1271080255146,1
1,1,1,1,0.612787810479044,1
1,1,1,1,0.635998275663491,1
1,1,1,1,0.725769697530192,1
1,1,1,1,0.200294165172445,1
1,1,1,0,NA,0
1,1,1,0,NA,0
1,1,1,1,0.337107170379158,1
1,1,1,1,0.47033305372646,1
1,1,1,1,0.785541726049187,1
1,1,1,1,1.79272177482456,1
1,1,1,1,0.655324996320101,1
1,1,1,1,0.819597827660913,1
1,2,1,0,NA,1
1,2,1,1,0.332322175637822,0
1,2,1,1,0.5196720145735,0
1,2,1,1,0.791983857899572,0
1,2,1,0,NA,1
1,2,1,0,NA,1
1,2,1,1,0.586769046617375,0
1,2,1,0,NA,1
1,2,1,1,0.210706502816407,0
1,2,1,0,NA,1
1,2,1,0,NA,1
1,2,1,1,0.396780589873138,0
1,2,1,0,NA,0
1,2,1,1,1.21266107652311,0
1,2,1,0,NA,1
1,2,1,1,1.89235409692588,0
1,2,1,0,NA,1
1,2,1,0,NA,0
1,2,1,0,NA,1
1,2,1,0,NA,0
1,2,1,0,NA,1
1,2,1,1,1.93628370572509,0
1,2,1,0,NA,1
1,2,1,0,NA,1
1,2,1,1,0.420043583705456,0
1,2,1,0,NA,1
1,2,1,0,NA,1
1,2,1,0,NA,0
1,2,1,0,NA,1
1,2,1,0,NA,1
1,2,1,0,NA,1
1,2,1,1,0.281757740191052,0
1,2,1,0,NA,0
1,2,1,0,NA,0
1,2,1,1,1.2043335262794,0
1,2,1,0,NA,0
1,2,1,0,NA,1
1,2,1,0,NA,1
1,2,1,0,NA,0
1,2,1,0,NA,1
1,3,0,1,0.369717534292859,0
1,3,0,1,1.46443909119575,1
1,3,0,0,NA,1
1,3,0,0,NA,0
1,3,0,0,NA,0
1,3,0,0,NA,0
1,3,0,1,1.08307691341594,1
1,3,0,1,0.82154077322913,1
1,3,0,0,NA,1
1,3,0,1,0.662467694798488,1
1,3,0,1,0.890597089988474,1
1,3,0,0,NA,0
1,3,0,0,NA,0
1,3,0,1,1.02436114660291,1
1,3,0,1,0.44100423664164,1
1,3,0,1,1.14331444065764,1
1,3,0,0,NA,1
1,3,0,1,0.227174961244401,1
1,3,0,1,0.746628301072192,1
1,3,0,0,NA,0
1,3,0,1,0.887717695820756,1
1,3,0,0,NA,0
1,3,0,1,0.470661389918665,1
1,3,0,1,0.939623243480707,1
1,3,0,1,0.319613593520288,1
1,3,0,1,0.370485940303559,1
1,3,0,1,0.524343884755503,0
1,3,0,1,0.539292662522578,1
1,3,0,1,0.980258962760671,1
1,3,0,1,0.935249449193877,1
1,3,0,1,1.34217792569941,1
1,3,0,0,NA,0
1,3,0,1,0.873779964163281,1
1,3,0,1,0.436090918979833,1
1,3,0,1,0.780598781256872,1
1,3,0,0,NA,1
1,3,0,1,0.360089952578857,1
1,3,0,0,NA,0
1,3,0,0,NA,1
1,3,0,1,0.809947554695709,1
1,4,0,0,NA,1
1,4,0,1,1.66058306299636,1
1,4,0,1,0.521680866923489,1
1,4,0,0,NA,1
1,4,0,0,NA,1
1,4,0,0,NA,1
1,4,0,0,NA,1
1,4,0,0,NA,1
1,4,0,0,NA,1
1,4,0,0,NA,1
1,4,0,0,NA,1
1,4,0,0,NA,1
1,4,0,0,NA,1
1,4,0,0,NA,0
1,4,0,0,NA,1
1,4,0,1,0.153934367481097,0
1,4,0,1,0.461734647952665,0
1,4,0,1,0.486907025636026,0
1,4,0,0,NA,1
1,4,0,0,NA,1
1,4,0,0,NA,1
1,4,0,0,NA,1
1,4,0,1,0.475547565555475,0
1,4,0,0,NA,1
1,4,0,1,0.549541111024878,0
1,4,0,0,NA,1
1,4,0,1,0.629674112384948,0
1,4,0,0,NA,1
1,4,0,1,1.57895746115307,1
1,4,0,1,1.08328091832827,0
1,4,0,0,NA,1
1,4,0,0,NA,1
1,4,0,0,NA,1
1,4,0,0,NA,1
1,4,0,1,0.325610544194112,1
1,4,0,0,NA,0
1,4,0,1,1.19675691213724,0
1,4,0,0,NA,1
1,4,0,1,0.447227095875347,0
1,4,0,0,NA,1
2,1,1,1,0.545499329295284,1
2,1,1,1,0.756068735947007,1
2,1,1,0,NA,1
2,1,1,1,1.00775827825444,1
2,1,1,1,0.887505772417445,1
2,1,1,0,NA,0
2,1,1,0,NA,0
2,1,1,0,NA,0
2,1,1,1,0.943239077371414,1
2,1,1,1,0.27837130319662,1
2,1,1,1,0.224839188074876,1
2,1,1,0,NA,0
2,1,1,0,NA,0
2,1,1,0,NA,1
2,1,1,1,1.09011161079028,1
2,1,1,1,1.7742637404073,1
2,1,1,1,0.785557466780097,1
2,1,1,0,NA,0
2,1,1,1,0.357335800131054,1
2,1,1,1,0.305339127511039,1
2,1,1,0,NA,0
2,1,1,1,1.00739843465075,1
2,1,1,0,NA,0
2,1,1,1,0.289191494787519,1
2,1,1,1,0.663801297229652,1
2,1,1,1,0.799735588038567,1
2,1,1,0,NA,0
2,1,1,1,0.680507130877893,1
2,1,1,1,0.262165310841255,1
2,1,1,1,0.318346720754579,1
2,1,1,1,0.296828667951796,1
2,1,1,0,NA,0
2,1,1,1,1.23968375847338,1
2,1,1,1,0.685677131947655,0
2,1,1,1,0.240817102661401,1
2,1,1,0,NA,1
2,1,1,0,NA,0
2,1,1,0,NA,0
2,1,1,1,0.413859072165671,0
2,1,1,1,0.236812279112457,1
2,2,1,0,NA,1
2,2,1,1,0.262976280027757,1
2,2,1,0,NA,1
2,2,1,1,0.594636151265172,0
2,2,1,1,0.68444629184484,0
2,2,1,0,NA,0
2,2,1,0,NA,1
2,2,1,1,0.250857480965454,0
2,2,1,0,NA,1
2,2,1,0,NA,1
2,2,1,1,0.830950656663278,0
2,2,1,1,0.197071760556783,0
2,2,1,1,1.32081642972223,0
2,2,1,0,NA,0
2,2,1,1,0.202687743191338,0
2,2,1,1,0.50010453663934,0
2,2,1,1,0.380158235343531,0
2,2,1,0,NA,1
2,2,1,0,NA,1
2,2,1,1,0.281879924993466,1
2,2,1,0,NA,1
2,2,1,1,1.12292089090157,0
2,2,1,0,NA,1
2,2,1,0,NA,1
2,2,1,1,0.513084592680545,0
2,2,1,1,0.787007519286803,0
2,2,1,0,NA,0
2,2,1,0,NA,1
2,2,1,1,0.483667131267242,1
2,2,1,0,NA,1
2,2,1,0,NA,1
2,2,1,0,NA,1
2,2,1,0,NA,1
2,2,1,1,0.524303796200316,1
2,2,1,0,NA,1
2,2,1,0,NA,1
2,2,1,1,0.22199434012531,0
2,2,1,0,NA,1
2,2,1,0,NA,0
2,2,1,0,NA,1
2,3,0,0,NA,0
2,3,0,1,0.270376921847533,1
2,3,0,1,0.249309989339467,1
2,3,0,0,NA,1
2,3,0,1,0.324632537153417,1
2,3,0,1,0.444565145954654,1
2,3,0,0,NA,0
2,3,0,1,0.492538501740055,0
2,3,0,0,NA,0
2,3,0,1,0.417995247886786,1
2,3,0,1,0.307901211962072,1
2,3,0,0,NA,0
2,3,0,0,NA,0
2,3,0,0,NA,1
2,3,0,1,0.395839203149336,1
2,3,0,1,0.351298669600003,1
2,3,0,0,NA,0
2,3,0,1,0.478724935300762,1
2,3,0,0,NA,0
2,3,0,1,0.174298965446951,1
2,3,0,0,NA,1
2,3,0,1,0.501285185226754,1
2,3,0,0,NA,0
2,3,0,1,0.298607281541144,1
2,3,0,1,0.165657949866235,1
2,3,0,1,0.338397676279318,1
2,3,0,1,0.289277288405534,0
2,3,0,1,0.314488460193468,1
2,3,0,1,0.186481269288751,1
2,3,0,1,0.719845617653325,0
2,3,0,0,NA,0
2,3,0,0,NA,0
2,3,0,0,NA,0
2,3,0,0,NA,0
2,3,0,0,NA,0
2,3,0,1,0.246282478976774,1
2,3,0,0,NA,0
2,3,0,0,NA,0
2,3,0,1,0.94355119845322,1
2,3,0,1,0.340574414093087,0
2,4,0,1,0.454582013599832,0
2,4,0,1,0.335417176443558,1
2,4,0,1,0.338422385952455,0
2,4,0,0,NA,1
2,4,0,1,0.619259095423233,0
2,4,0,0,NA,1
2,4,0,0,NA,1
2,4,0,0,NA,1
2,4,0,1,0.30124620331736,0
2,4,0,1,0.344074139693872,1
2,4,0,0,NA,1
2,4,0,1,0.546947418084997,0
2,4,0,0,NA,1
2,4,0,0,NA,0
2,4,0,1,1.89162998505692,0
2,4,0,0,NA,1
2,4,0,0,NA,0
2,4,0,0,NA,1
2,4,0,0,NA,1
2,4,0,1,1.28163036774705,0
2,4,0,0,NA,0
2,4,0,0,NA,1
2,4,0,0,NA,1
2,4,0,1,0.320545533986541,0
2,4,0,0,NA,1
2,4,0,1,1.19965904746997,0
2,4,0,0,NA,1
2,4,0,1,0.782922787908176,0
2,4,0,1,0.355278002056191,0
2,4,0,1,0.799265419064007,0
2,4,0,1,0.308572101476664,1
2,4,0,1,1.56724907537489,0
2,4,0,1,0.255554297202651,0
2,4,0,1,0.299248589835646,0
2,4,0,1,0.200675426656219,1
2,4,0,1,0.411394568233431,0
2,4,0,1,0.538111404088755,0
2,4,0,0,NA,0
2,4,0,0,NA,1
2,4,0,1,0.921434381142383,0
3,1,1,1,1.26942825241939,1
3,1,1,1,0.750246193269442,1
3,1,1,0,NA,0
3,1,1,0,NA,0
3,1,1,0,NA,0
3,1,1,1,0.849837432073044,0
3,1,1,1,1.1248141180715,0
3,1,1,0,NA,0
3,1,1,0,NA,1
3,1,1,0,NA,0
3,1,1,1,0.836242847480697,1
3,1,1,0,NA,0
3,1,1,1,0.321395124313139,1
3,1,1,1,0.269469861492667,1
3,1,1,0,NA,0
3,1,1,1,1.54702138452789,1
3,1,1,1,0.433807542624687,1
3,1,1,0,NA,0
3,1,1,0,NA,0
3,1,1,1,0.880784593046791,0
3,1,1,0,NA,0
3,1,1,1,0.391798840851377,1
3,1,1,1,0.56791333959626,1
3,1,1,1,0.456153823459224,1
3,1,1,0,NA,0
3,1,1,0,NA,0
3,1,1,0,NA,1
3,1,1,1,0.354801237299956,1
3,1,1,1,0.633237250596453,0
3,1,1,1,0.757347978867668,1
3,1,1,1,0.586432720049127,1
3,1,1,0,NA,0
3,1,1,0,NA,0
3,1,1,1,0.488848901424822,0
3,1,1,1,0.991177084411903,1
3,1,1,0,NA,1
3,1,1,1,1.68065380454386,1
3,1,1,1,0.349127695270489,1
3,1,1,0,NA,0
3,1,1,0,NA,0
3,2,1,0,NA,1
3,2,1,1,0.437003019081227,0
3,2,1,0,NA,1
3,2,1,0,NA,0
3,2,1,1,0.622942085201536,0
3,2,1,0,NA,1
3,2,1,0,NA,1
3,2,1,1,1.22624402151588,1
3,2,1,0,NA,1
3,2,1,1,0.440139445555403,0
3,2,1,0,NA,1
3,2,1,0,NA,1
3,2,1,0,NA,1
3,2,1,0,NA,1
3,2,1,0,NA,1
3,2,1,0,NA,0
3,2,1,0,NA,1
3,2,1,0,NA,1
3,2,1,0,NA,1
3,2,1,0,NA,0
3,2,1,0,NA,1
3,2,1,1,1.05311259970585,0
3,2,1,0,NA,1
3,2,1,1,0.304494325132091,0
3,2,1,0,NA,1
3,2,1,1,1.16849114057307,0
3,2,1,0,NA,1
3,2,1,0,NA,1
3,2,1,1,0.591293585875137,0
3,2,1,0,NA,1
3,2,1,1,0.305342291138748,0
3,2,1,1,0.415706267570504,0
3,2,1,0,NA,0
3,2,1,1,0.730977166011429,0
3,2,1,0,NA,1
3,2,1,0,NA,1
3,2,1,0,NA,1
3,2,1,1,0.280420923784185,0
3,2,1,0,NA,1
3,2,1,1,0.22658088678176,1
3,3,0,1,1.57170844849077,1
3,3,0,1,0.600355970670229,1
3,3,0,0,NA,0
3,3,0,0,NA,1
3,3,0,0,NA,1
3,3,0,0,NA,0
3,3,0,0,NA,0
3,3,0,0,NA,0
3,3,0,1,0.594510158259148,1
3,3,0,1,0.1820268843294,1
3,3,0,0,NA,0
3,3,0,0,NA,0
3,3,0,0,NA,0
3,3,0,1,0.555631757163397,1
3,3,0,0,NA,0
3,3,0,1,0.287376504145987,1
3,3,0,0,NA,0
3,3,0,1,1.37618184383246,1
3,3,0,1,0.97712850262531,1
3,3,0,0,NA,0
3,3,0,1,0.879179202559658,1
3,3,0,1,0.50441723149221,1
3,3,0,0,NA,0
3,3,0,0,NA,0
3,3,0,1,1.00250936222592,1
3,3,0,0,NA,0
3,3,0,0,NA,0
3,3,0,1,1.15586836459935,1
3,3,0,0,NA,0
3,3,0,0,NA,0
3,3,0,1,0.695362718129666,1
3,3,0,1,0.456437998134447,1
3,3,0,1,0.58110569386322,1
3,3,0,1,0.842152922640798,1
3,3,0,1,0.251311456345242,1
3,3,0,0,NA,0
3,3,0,0,NA,0
3,3,0,1,0.751011973919939,1
3,3,0,1,0.666677423371696,1
3,3,0,0,NA,0
3,4,0,0,NA,1
3,4,0,1,0.5151479886716,0
3,4,0,0,NA,1
3,4,0,0,NA,1
3,4,0,1,0.732916856842676,0
3,4,0,1,0.679768287513871,0
3,4,0,1,0.269340437196761,0
3,4,0,1,1.46029886326849,0
3,4,0,1,0.592669690247566,0
3,4,0,1,0.800524905477973,0
3,4,0,0,NA,1
3,4,0,0,NA,1
3,4,0,0,NA,1
3,4,0,0,NA,1
3,4,0,1,0.377354337194369,0
3,4,0,1,0.590530151705168,0
3,4,0,0,NA,1
3,4,0,0,NA,0
3,4,0,1,0.981984340178507,0
3,4,0,0,NA,0
3,4,0,0,NA,0
3,4,0,0,NA,1
3,4,0,0,NA,1
3,4,0,1,0.955076708399755,1
3,4,0,0,NA,1
3,4,0,0,NA,1
3,4,0,0,NA,1
3,4,0,0,NA,0
3,4,0,0,NA,1
3,4,0,0,NA,1
3,4,0,1,0.179766379020225,0
3,4,0,1,0.608214352076798,0
3,4,0,1,0.407981809570301,0
3,4,0,0,NA,0
3,4,0,0,NA,0
3,4,0,0,NA,1
3,4,0,0,NA,0
3,4,0,1,0.643949260907307,0
3,4,0,0,NA,1
3,4,0,1,1.11626959497635,0
4,1,1,1,0.458101661577324,1
4,1,1,1,1.47833154174899,0
4,1,1,1,0.539439204372706,1
4,1,1,0,NA,0
4,1,1,1,0.246894431368842,1
4,1,1,1,1.09550159191729,1
4,1,1,1,0.818749143769058,1
4,1,1,0,NA,0
4,1,1,1,0.163251933754926,1
4,1,1,0,NA,0
4,1,1,0,NA,1
4,1,1,1,1.12359568027036,1
4,1,1,0,NA,1
4,1,1,1,1.49734444494891,1
4,1,1,0,NA,0
4,1,1,1,0.916103426406351,1
4,1,1,1,0.756914015836212,1
4,1,1,0,NA,1
4,1,1,1,0.763953999848699,1
4,1,1,1,0.187343422707244,0
4,1,1,1,1.34483228506014,1
4,1,1,1,0.659555386253763,1
4,1,1,1,1.08968006151069,1
4,1,1,1,0.158181176824914,1
4,1,1,0,NA,0
4,1,1,1,0.805125164268385,1
4,1,1,0,NA,0
4,1,1,1,0.627727919246725,1
4,1,1,1,0.776276956266275,1
4,1,1,1,0.941890024206247,1
4,1,1,0,NA,1
4,1,1,1,0.284737512489456,1
4,1,1,1,0.599240548521921,1
4,1,1,1,0.170572022881874,1
4,1,1,0,NA,1
4,1,1,0,NA,0
4,1,1,0,NA,0
4,1,1,1,1.4576032019568,1
4,1,1,1,0.77737561773293,1
4,1,1,0,NA,0
4,2,1,0,NA,1
4,2,1,0,NA,1
4,2,1,1,0.193538925201684,0
4,2,1,1,1.00141654438878,0
4,2,1,0,NA,0
4,2,1,0,NA,1
4,2,1,0,NA,1
4,2,1,0,NA,0
4,2,1,0,NA,1
4,2,1,1,0.664251259148772,0
4,2,1,0,NA,1
4,2,1,0,NA,1
4,2,1,0,NA,1
4,2,1,1,0.533014957166556,0
4,2,1,1,0.380558841883411,0
4,2,1,0,NA,1
4,2,1,0,NA,1
4,2,1,1,1.06658896672421,0
4,2,1,0,NA,1
4,2,1,1,0.197184921393652,0
4,2,1,1,1.73982269520186,0
4,2,1,1,1.38608346391438,0
4,2,1,0,NA,1
4,2,1,1,0.169341682423379,0
4,2,1,0,NA,1
4,2,1,0,NA,1
4,2,1,0,NA,1
4,2,1,1,1.00384766768833,0
4,2,1,1,0.517038338556607,0
4,2,1,1,0.320367806643461,0
4,2,1,0,NA,1
4,2,1,0,NA,1
4,2,1,0,NA,1
4,2,1,0,NA,1
4,2,1,0,NA,0
4,2,1,0,NA,1
4,2,1,0,NA,1
4,2,1,0,NA,0
4,2,1,0,NA,0
4,2,1,1,0.502558439370737,0
4,3,0,0,NA,0
4,3,0,0,NA,0
4,3,0,0,NA,0
4,3,0,1,0.16735023780604,1
4,3,0,0,NA,0
4,3,0,0,NA,0
4,3,0,0,NA,0
4,3,0,1,0.220328756809029,1
4,3,0,1,1.1061349378894,0
4,3,0,1,0.402541537676164,1
4,3,0,1,0.359181149486207,1
4,3,0,0,NA,0
4,3,0,1,0.597090968630161,1
4,3,0,0,NA,0
4,3,0,0,NA,0
4,3,0,0,NA,0
4,3,0,1,1.37504127906687,1
4,3,0,1,1.15556639927945,1
4,3,0,0,NA,1
4,3,0,1,0.205840312188971,1
4,3,0,0,NA,0
4,3,0,0,NA,0
4,3,0,1,0.727073451181309,1
4,3,0,1,0.509305980008156,1
4,3,0,1,0.156710423247508,1
4,3,0,0,NA,0
4,3,0,1,1.05081776568985,1
4,3,0,1,0.560281680538055,1
4,3,0,1,0.714489961302258,1
4,3,0,0,NA,0
4,3,0,1,1.46763176609871,1
4,3,0,0,NA,0
4,3,0,0,NA,1
4,3,0,0,NA,0
4,3,0,0,NA,0
4,3,0,1,0.615835519302048,0
4,3,0,0,NA,0
4,3,0,1,1.02219336845381,1
4,3,0,0,NA,1
4,3,0,0,NA,0
4,4,0,0,NA,1
4,4,0,1,0.497346633277688,1
4,4,0,0,NA,1
4,4,0,0,NA,1
4,4,0,0,NA,1
4,4,0,0,NA,1
4,4,0,0,NA,0
4,4,0,0,NA,1
4,4,0,1,0.245023453930549,0
4,4,0,0,NA,1
4,4,0,0,NA,1
4,4,0,1,0.34190034624161,0
4,4,0,1,0.669337970018322,0
4,4,0,1,0.162004131148294,0
4,4,0,0,NA,1
4,4,0,0,NA,0
4,4,0,1,0.769289823209579,1
4,4,0,1,0.500488563466107,0
4,4,0,0,NA,1
4,4,0,0,NA,1
4,4,0,0,NA,1
4,4,0,0,NA,1
4,4,0,0,NA,1
4,4,0,0,NA,1
4,4,0,0,NA,1
4,4,0,0,NA,1
4,4,0,1,0.175776296621462,0
4,4,0,1,1.04947628607346,0
4,4,0,0,NA,1
4,4,0,0,NA,1
4,4,0,0,NA,0
4,4,0,0,NA,1
4,4,0,1,1.35674115485832,1
4,4,0,0,NA,1
4,4,0,0,NA,1
4,4,0,1,0.80791770893449,0
4,4,0,0,NA,0
4,4,0,1,1.16938722430975,0
4,4,0,0,NA,1
4,4,0,0,NA,1
5,1,1,0,NA,1
5,1,1,1,0.079215628445053,1
5,1,1,1,0.336795603174197,1
5,1,1,1,0.415767570840431,1
5,1,1,1,0.946125769692099,1
5,1,1,0,NA,1
5,1,1,1,0.339807368563467,0
5,1,1,1,1.43646857589496,1
5,1,1,1,0.626407211418147,1
5,1,1,0,NA,1
5,1,1,0,NA,0
5,1,1,0,NA,0
5,1,1,1,0.211714644323555,0
5,1,1,0,NA,1
5,1,1,1,0.319892939158284,0
5,1,1,0,NA,0
5,1,1,1,0.591275649888065,1
5,1,1,1,0.561657146058704,1
5,1,1,1,0.44163618085363,0
5,1,1,1,0.499318362380137,1
5,1,1,0,NA,1
5,1,1,0,NA,0
5,1,1,1,0.532038437645891,1
5,1,1,1,0.935084540180735,1
5,1,1,1,0.372501882099043,0
5,1,1,1,0.0466859782048952,0
5,1,1,1,0.148974586014886,0
5,1,1,0,NA,0
5,1,1,1,0.851188907507146,0
5,1,1,0,NA,1
5,1,1,0,NA,1
5,1,1,0,NA,0
5,1,1,1,0.125675663736995,0
5,1,1,0,NA,0
5,1,1,0,NA,0
5,1,1,1,0.0954232640308549,1
5,1,1,0,NA,1
5,1,1,0,NA,0
5,1,1,1,0.644623481566923,1
5,1,1,0,NA,0
5,2,1,0,NA,1
5,2,1,0,NA,0
5,2,1,0,NA,1
5,2,1,0,NA,1
5,2,1,0,NA,0
5,2,1,0,NA,1
5,2,1,1,0.512331260780513,0
5,2,1,0,NA,1
5,2,1,0,NA,1
5,2,1,0,NA,1
5,2,1,1,0.693452116216735,1
5,2,1,0,NA,1
5,2,1,0,NA,1
5,2,1,0,NA,1
5,2,1,0,NA,0
5,2,1,0,NA,1
5,2,1,1,0.182738171942322,0
5,2,1,0,NA,0
5,2,1,0,NA,1
5,2,1,0,NA,1
5,2,1,1,1.16925462418413,0
5,2,1,0,NA,1
5,2,1,0,NA,1
5,2,1,0,NA,1
5,2,1,0,NA,1
5,2,1,0,NA,1
5,2,1,0,NA,1
5,2,1,0,NA,1
5,2,1,0,NA,1
5,2,1,0,NA,1
5,2,1,1,0.749341057923132,0
5,2,1,0,NA,1
5,2,1,0,NA,1
5,2,1,0,NA,0
5,2,1,1,0.728732686427727,0
5,2,1,1,0.0421289333363639,0
5,2,1,0,NA,1
5,2,1,1,0.145103203271606,0
5,2,1,0,NA,1
5,2,1,1,0.50829606219028,0
5,3,0,0,NA,0
5,3,0,0,NA,0
5,3,0,0,NA,0
5,3,0,0,NA,1
5,3,0,0,NA,0
5,3,0,0,NA,0
5,3,0,0,NA,0
5,3,0,0,NA,0
5,3,0,0,NA,0
5,3,0,1,0.0446965975066771,1
5,3,0,0,NA,0
5,3,0,1,0.427617544330136,1
5,3,0,0,NA,0
5,3,0,1,0.640014020873651,1
5,3,0,1,1.00833537730775,0
5,3,0,0,NA,0
5,3,0,1,1.18898797558692,1
5,3,0,1,0.552340307369209,1
5,3,0,1,0.703839862315575,1
5,3,0,1,0.41865411985847,1
5,3,0,0,NA,0
5,3,0,1,0.969255249007563,1
5,3,0,1,0.691070756197421,1
5,3,0,1,0.317758762359899,1
5,3,0,1,0.772659769677881,0
5,3,0,1,0.0344921353787028,1
5,3,0,1,0.667418361223643,1
5,3,0,1,0.224085297701088,0
5,3,0,1,0.297417598400853,1
5,3,0,1,0.463197765257794,1
5,3,0,1,0.385922220939699,1
5,3,0,1,1.03400349126502,1
5,3,0,1,0.772126400998141,1
5,3,0,1,0.807934037919648,0
5,3,0,1,0.70349644848483,1
5,3,0,0,NA,0
5,3,0,0,NA,0
5,3,0,1,0.477091990126745,1
5,3,0,0,NA,0
5,3,0,0,NA,1
5,4,0,0,NA,1
5,4,0,0,NA,1
5,4,0,0,NA,1
5,4,0,0,NA,0
5,4,0,1,0.14587711581838,0
5,4,0,1,0.0871153510628263,0
5,4,0,0,NA,1
5,4,0,0,NA,1
5,4,0,1,0.867870323491385,1
5,4,0,1,1.11060761127615,0
5,4,0,0,NA,1
5,4,0,1,0.0961568136559636,0
5,4,0,0,NA,1
5,4,0,0,NA,1
5,4,0,0,NA,1
5,4,0,0,NA,1
5,4,0,1,0.0449428556453828,0
5,4,0,0,NA,0
5,4,0,0,NA,1
5,4,0,1,0.168547155152539,0
5,4,0,0,NA,1
5,4,0,0,NA,1
5,4,0,0,NA,1
5,4,0,1,0.117870357039998,0
5,4,0,0,NA,1
5,4,0,0,NA,1
5,4,0,0,NA,0
5,4,0,0,NA,1
5,4,0,0,NA,1
5,4,0,0,NA,1
5,4,0,0,NA,1
5,4,0,1,0.109222646491739,1
5,4,0,0,NA,1
5,4,0,1,0.861572803243773,0
5,4,0,0,NA,1
5,4,0,0,NA,1
5,4,0,1,0.19233604807323,1
5,4,0,0,NA,1
5,4,0,0,NA,1
5,4,0,0,NA,1
6,1,1,1,0.630069925858155,1
6,1,1,0,NA,0
6,1,1,1,0.348074779334444,1
6,1,1,0,NA,0
6,1,1,1,1.30264044467024,1
6,1,1,1,0.757176791394533,1
6,1,1,1,0.417354593744503,1
6,1,1,1,0.678175036943689,1
6,1,1,1,0.21342143983278,1
6,1,1,1,1.00170379255031,1
6,1,1,1,0.383236510315039,1
6,1,1,1,0.506462403408637,0
6,1,1,1,0.465186062440214,1
6,1,1,1,0.317300598925652,1
6,1,1,1,0.282402696343939,1
6,1,1,1,0.41731883656963,0
6,1,1,1,0.515974390469658,1
6,1,1,1,0.849302229869755,1
6,1,1,1,0.576405513013398,0
6,1,1,0,NA,0
6,1,1,1,0.832134289124905,1
6,1,1,1,0.55051893156729,1
6,1,1,1,1.58684919167663,1
6,1,1,1,0.821277758626554,0
6,1,1,0,NA,0
6,1,1,1,0.199282463064546,0
6,1,1,0,NA,0
6,1,1,0,NA,0
6,1,1,0,NA,0
6,1,1,1,0.949695143046251,1
6,1,1,0,NA,0
6,1,1,1,1.15435306107154,1
6,1,1,1,0.256795986054533,1
6,1,1,1,0.527642283407005,0
6,1,1,1,0.153532778542483,1
6,1,1,0,NA,1
6,1,1,1,0.555244554047422,0
6,1,1,0,NA,0
6,1,1,0,NA,0
6,1,1,1,0.376306571649556,1
6,2,1,0,NA,0
6,2,1,1,1.01865837530171,0
6,2,1,0,NA,1
6,2,1,0,NA,1
6,2,1,0,NA,1
6,2,1,0,NA,1
6,2,1,0,NA,1
6,2,1,0,NA,1
6,2,1,0,NA,1
6,2,1,0,NA,1
6,2,1,0,NA,0
6,2,1,0,NA,0
6,2,1,0,NA,1
6,2,1,0,NA,1
6,2,1,1,1.58534009753171,1
6,2,1,0,NA,1
6,2,1,1,0.432895503732033,0
6,2,1,0,NA,1
6,2,1,1,0.726987552100176,1
6,2,1,0,NA,1
6,2,1,0,NA,1
6,2,1,0,NA,1
6,2,1,0,NA,1
6,2,1,0,NA,0
6,2,1,0,NA,1
6,2,1,0,NA,1
6,2,1,1,1.02185699830948,0
6,2,1,1,1.26939090335453,0
6,2,1,0,NA,1
6,2,1,1,0.482723691502051,0
6,2,1,0,NA,1
6,2,1,1,0.420927314944583,0
6,2,1,0,NA,1
6,2,1,0,NA,0
6,2,1,1,0.548420848332246,0
6,2,1,1,1.97790678921377,0
6,2,1,1,0.105476531496625,1
6,2,1,0,NA,1
6,2,1,1,0.366401616129077,0
6,2,1,1,0.286408620908994,0
6,3,0,1,0.12570372145872,1
6,3,0,1,0.190875784460666,1
6,3,0,0,NA,0
6,3,0,0,NA,0
6,3,0,1,0.253952427448619,1
6,3,0,0,NA,0
6,3,0,1,1.10089140027181,1
6,3,0,1,0.354716843833938,1
6,3,0,0,NA,0
6,3,0,1,0.843740186746216,1
6,3,0,0,NA,0
6,3,0,0,NA,0
6,3,0,1,0.560137345133988,1
6,3,0,1,0.831583119075079,1
6,3,0,1,0.365496343337734,1
6,3,0,1,0.327633513302041,1
6,3,0,1,0.833460239514624,0
6,3,0,0,NA,1
6,3,0,0,NA,0
6,3,0,1,0.7430270628907,1
6,3,0,0,NA,0
6,3,0,0,NA,0
6,3,0,1,0.708250240663259,0
6,3,0,1,0.558316339678615,1
6,3,0,0,NA,0
6,3,0,1,0.552129889524703,1
6,3,0,0,NA,0
6,3,0,1,0.491429567021316,1
6,3,0,1,0.249522275959788,1
6,3,0,0,NA,0
6,3,0,0,NA,0
6,3,0,1,1.29288992542392,0
6,3,0,0,NA,0
6,3,0,1,0.194659799100853,0
6,3,0,0,NA,1
6,3,0,0,NA,1
6,3,0,1,1.55797176555998,1
6,3,0,0,NA,0
6,3,0,0,NA,0
6,3,0,1,0.419727292693832,0
6,4,0,1,1.07111201155037,1
6,4,0,1,1.43797285287055,0
6,4,0,1,0.357578664286638,0
6,4,0,0,NA,1
6,4,0,0,NA,1
6,4,0,1,0.620872475300345,0
6,4,0,0,NA,0
6,4,0,1,1.52440019275338,0
6,4,0,1,0.600326752512649,0
6,4,0,1,0.265277570808819,0
6,4,0,1,0.11750614616706,0
6,4,0,0,NA,0
6,4,0,0,NA,0
6,4,0,0,NA,1
6,4,0,0,NA,1
6,4,0,1,0.76448324699061,0
6,4,0,0,NA,1
6,4,0,0,NA,0
6,4,0,0,NA,0
6,4,0,0,NA,0
6,4,0,0,NA,0
6,4,0,0,NA,1
6,4,0,0,NA,1
6,4,0,0,NA,0
6,4,0,0,NA,1
6,4,0,0,NA,1
6,4,0,0,NA,1
6,4,0,0,NA,1
6,4,0,0,NA,0
6,4,0,1,0.135183159879966,0
6,4,0,0,NA,1
6,4,0,0,NA,0
6,4,0,0,NA,1
6,4,0,0,NA,1
6,4,0,0,NA,0
6,4,0,0,NA,0
6,4,0,1,1.56339448670018,0
6,4,0,1,0.609842397504121,0
6,4,0,0,NA,0
6,4,0,1,0.38346562689144,1
7,1,1,1,0.496010314297528,1
7,1,1,1,0.265420829346794,0
7,1,1,1,0.387136721738194,1
7,1,1,1,0.35704921021317,0
7,1,1,1,0.865856016069388,0
7,1,1,1,0.429187926981094,1
7,1,1,1,0.340816185979832,1
7,1,1,1,0.235847956540212,1
7,1,1,0,NA,1
7,1,1,1,0.448305229842032,1
7,1,1,1,0.581026616944873,1
7,1,1,1,0.917223515277986,1
7,1,1,0,NA,0
7,1,1,0,NA,0
7,1,1,1,0.674009857190101,1
7,1,1,1,0.446965872985555,1
7,1,1,1,1.06023210009318,1
7,1,1,1,0.368377783912533,1
7,1,1,1,0.675273405876672,1
7,1,1,0,NA,0
7,1,1,1,0.898243412007232,1
7,1,1,1,0.278427747856974,1
7,1,1,0,NA,0
7,1,1,1,0.827491637859667,1
7,1,1,1,0.343318062924923,1
7,1,1,0,NA,0
7,1,1,0,NA,1
7,1,1,0,NA,1
7,1,1,0,NA,1
7,1,1,0,NA,0
7,1,1,1,0.632380931035603,1
7,1,1,0,NA,1
7,1,1,1,0.293368916894141,1
7,1,1,0,NA,0
7,1,1,1,0.991279540925185,1
7,1,1,1,0.327032833420966,1
7,1,1,1,0.591550317465696,1
7,1,1,1,0.893158779173652,1
7,1,1,0,NA,0
7,1,1,1,0.204380691030506,1
7,2,1,0,NA,1
7,2,1,0,NA,1
7,2,1,1,1.50324643865745,0
7,2,1,0,NA,1
7,2,1,1,0.366902967407668,0
7,2,1,0,NA,1
7,2,1,0,NA,1
7,2,1,1,0.585451684013277,0
7,2,1,0,NA,1
7,2,1,1,1.43500427716753,1
7,2,1,0,NA,1
7,2,1,0,NA,1
7,2,1,0,NA,0
7,2,1,1,0.665679736433946,0
7,2,1,0,NA,1
7,2,1,0,NA,1
7,2,1,0,NA,1
7,2,1,0,NA,1
7,2,1,0,NA,1
7,2,1,1,0.93053058727493,0
7,2,1,1,0.180106995246334,0
7,2,1,1,0.369467924827673,0
7,2,1,1,0.233270041626728,0
7,2,1,1,0.318552970821406,0
7,2,1,1,0.35206992364924,0
7,2,1,0,NA,0
7,2,1,0,NA,0
7,2,1,0,NA,1
7,2,1,1,0.2698264867001,0
7,2,1,0,NA,1
7,2,1,0,NA,1
7,2,1,1,1.45784484591972,0
7,2,1,0,NA,1
7,2,1,0,NA,0
7,2,1,0,NA,1
7,2,1,0,NA,1
7,2,1,0,NA,1
7,2,1,0,NA,1
7,2,1,0,NA,1
7,2,1,1,0.349639174892697,0
7,3,0,1,1.60920773753784,1
7,3,0,0,NA,0
7,3,0,1,0.60991378360912,1
7,3,0,0,NA,0
7,3,0,0,NA,0
7,3,0,0,NA,0
7,3,0,0,NA,0
7,3,0,1,0.903711142891821,1
7,3,0,1,0.823419581205017,1
7,3,0,1,0.168744033652495,1
7,3,0,1,0.237359236101792,1
7,3,0,0,NA,0
7,3,0,1,0.544478989447235,1
7,3,0,1,1.57800013347181,1
7,3,0,1,0.989219117711613,1
7,3,0,0,NA,0
7,3,0,0,NA,0
7,3,0,1,0.297262129725853,1
7,3,0,1,0.563750667773004,0
7,3,0,1,0.655492099331881,1
7,3,0,1,0.494094273420623,1
7,3,0,1,0.506631760943404,1
7,3,0,0,NA,0
7,3,0,1,0.629427601168834,1
7,3,0,1,0.604788126434396,1
7,3,0,1,0.893448128288554,1
7,3,0,0,NA,0
7,3,0,1,0.356879096341354,0
7,3,0,1,0.393554032507223,1
7,3,0,0,NA,0
7,3,0,1,0.293112510682377,0
7,3,0,0,NA,0
7,3,0,0,NA,0
7,3,0,0,NA,0
7,3,0,0,NA,0
7,3,0,1,0.311708529168533,0
7,3,0,0,NA,1
7,3,0,0,NA,0
7,3,0,1,1.1486868835509,1
7,3,0,0,NA,0
7,4,0,1,0.605249157211614,0
7,4,0,0,NA,1
7,4,0,1,0.793950680393033,0
7,4,0,0,NA,1
7,4,0,1,0.183361861682519,0
7,4,0,1,0.281196407235737,1
7,4,0,1,0.733621647336908,0
7,4,0,1,0.480102466242946,0
7,4,0,1,0.528151936133839,0
7,4,0,0,NA,1
7,4,0,1,1.34931276214274,0
7,4,0,0,NA,0
7,4,0,1,0.79958612829004,1
7,4,0,0,NA,0
7,4,0,0,NA,1
7,4,0,0,NA,1
7,4,0,1,0.442059552321126,0
7,4,0,0,NA,1
7,4,0,0,NA,1
7,4,0,1,0.369471759186995,0
7,4,0,0,NA,1
7,4,0,0,NA,0
7,4,0,0,NA,1
7,4,0,1,0.36159836242929,0
7,4,0,0,NA,0
7,4,0,1,0.677271461312748,0
7,4,0,1,0.34889533234467,0
7,4,0,1,0.473288062370928,0
7,4,0,1,0.484356612733154,0
7,4,0,0,NA,1
7,4,0,0,NA,1
7,4,0,0,NA,1
7,4,0,0,NA,1
7,4,0,0,NA,1
7,4,0,0,NA,1
7,4,0,0,NA,1
7,4,0,0,NA,1
7,4,0,0,NA,1
7,4,0,0,NA,1
7,4,0,0,NA,1
8,1,1,1,0.198486960370724,1
8,1,1,0,NA,0
8,1,1,1,0.155618620032615,1
8,1,1,0,NA,1
8,1,1,1,0.773795251605992,1
8,1,1,0,NA,0
8,1,1,1,0.904635650274823,1
8,1,1,1,0.471567081130215,1
8,1,1,1,0.339289925957472,1
8,1,1,0,NA,0
8,1,1,1,1.07299703527368,1
8,1,1,1,0.196668956929698,0
8,1,1,0,NA,0
8,1,1,1,0.546025992480882,0
8,1,1,1,0.658555766478754,0
8,1,1,1,0.490139236045222,0
8,1,1,1,0.178254750982586,1
8,1,1,1,0.904248953372825,1
8,1,1,1,1.18299594826144,1
8,1,1,1,0.83304350838998,1
8,1,1,0,NA,0
8,1,1,0,NA,0
8,1,1,0,NA,0
8,1,1,1,0.269492530856686,0
8,1,1,0,NA,0
8,1,1,0,NA,0
8,1,1,0,NA,0
8,1,1,1,0.405747310957515,0
8,1,1,0,NA,0
8,1,1,0,NA,0
8,1,1,1,0.650900230499959,1
8,1,1,1,0.307483483168308,1
8,1,1,0,NA,0
8,1,1,0,NA,0
8,1,1,0,NA,0
8,1,1,1,1.05114148614557,1
8,1,1,1,1.28506171106811,1
8,1,1,0,NA,0
8,1,1,0,NA,1
8,1,1,1,0.471022624196322,1
8,2,1,1,0.415736862313888,0
8,2,1,1,0.592586046277375,0
8,2,1,0,NA,1
8,2,1,1,0.487803539974309,0
8,2,1,0,NA,0
8,2,1,0,NA,1
8,2,1,0,NA,1
8,2,1,0,NA,1
8,2,1,0,NA,1
8,2,1,1,0.220939094821292,0
8,2,1,1,1.35458076264136,0
8,2,1,0,NA,0
8,2,1,0,NA,1
8,2,1,0,NA,1
8,2,1,0,NA,1
8,2,1,0,NA,0
8,2,1,0,NA,1
8,2,1,0,NA,0
8,2,1,0,NA,0
8,2,1,1,0.442385726253584,0
8,2,1,0,NA,1
8,2,1,0,NA,0
8,2,1,0,NA,1
8,2,1,0,NA,0
8,2,1,0,NA,1
8,2,1,1,0.295030516673258,0
8,2,1,0,NA,1
8,2,1,0,NA,0
8,2,1,0,NA,1
8,2,1,0,NA,1
8,2,1,1,0.272767034587897,0
8,2,1,0,NA,0
8,2,1,0,NA,1
8,2,1,0,NA,1
8,2,1,1,0.22618205537495,0
8,2,1,0,NA,1
8,2,1,0,NA,1
8,2,1,0,NA,0
8,2,1,0,NA,1
8,2,1,0,NA,1
8,3,0,0,NA,0
8,3,0,0,NA,0
8,3,0,0,NA,0
8,3,0,1,0.782541006931732,1
8,3,0,0,NA,1
8,3,0,0,NA,0
8,3,0,1,0.407034780348866,1
8,3,0,0,NA,0
8,3,0,0,NA,0
8,3,0,0,NA,1
8,3,0,0,NA,0
8,3,0,1,0.750198033347397,1
8,3,0,1,0.496149454239663,1
8,3,0,1,0.247545548333498,1
8,3,0,0,NA,0
8,3,0,1,0.46111175239674,1
8,3,0,1,0.466983549623748,1
8,3,0,1,0.320754268593403,1
8,3,0,0,NA,0
8,3,0,1,0.707159439060225,0
8,3,0,0,NA,0
8,3,0,1,0.32404182689411,1
8,3,0,1,0.378703964806927,1
8,3,0,1,1.37121066234317,1
8,3,0,1,0.522370366764217,0
8,3,0,1,0.775758589388346,1
8,3,0,1,0.918761185962648,0
8,3,0,1,0.459720858632404,0
8,3,0,0,NA,1
8,3,0,0,NA,0
8,3,0,0,NA,0
8,3,0,0,NA,0
8,3,0,1,0.671550012229008,0
8,3,0,0,NA,0
8,3,0,0,NA,0
8,3,0,0,NA,0
8,3,0,1,0.441438643679928,1
8,3,0,1,0.606024529992134,1
8,3,0,1,0.827494384832984,1
8,3,0,1,0.799912328695505,1
8,4,0,0,NA,0
8,4,0,1,0.309896311043121,0
8,4,0,0,NA,1
8,4,0,0,NA,1
8,4,0,0,NA,1
8,4,0,0,NA,1
8,4,0,0,NA,1
8,4,0,1,0.499056305354733,0
8,4,0,1,0.711158100582492,0
8,4,0,0,NA,1
8,4,0,0,NA,1
8,4,0,0,NA,0
8,4,0,0,NA,1
8,4,0,0,NA,1
8,4,0,0,NA,1
8,4,0,1,0.164943573458147,0
8,4,0,0,NA,1
8,4,0,0,NA,1
8,4,0,0,NA,1
8,4,0,0,NA,1
8,4,0,0,NA,1
8,4,0,0,NA,1
8,4,0,1,1.02681167272958,0
8,4,0,0,NA,1
8,4,0,0,NA,1
8,4,0,0,NA,0
8,4,0,0,NA,1
8,4,0,0,NA,1
8,4,0,1,0.564309302860013,0
8,4,0,0,NA,1
8,4,0,0,NA,1
8,4,0,0,NA,0
8,4,0,0,NA,1
8,4,0,0,NA,1
8,4,0,1,0.218515330341433,1
8,4,0,0,NA,1
8,4,0,1,1.33359737838044,0
8,4,0,0,NA,1
8,4,0,0,NA,0
8,4,0,0,NA,0
9,1,1,1,1.17640183382326,1
9,1,1,1,0.369937020189671,0
9,1,1,1,0.308442327554319,1
9,1,1,1,0.867066693632404,1
9,1,1,1,0.38509286089093,0
9,1,1,1,0.392333971310837,0
9,1,1,0,NA,0
9,1,1,0,NA,1
9,1,1,0,NA,0
9,1,1,0,NA,1
9,1,1,1,0.329224906599394,1
9,1,1,1,0.178085359519419,1
9,1,1,0,NA,0
9,1,1,1,0.813728950302881,1
9,1,1,0,NA,0
9,1,1,0,NA,0
9,1,1,0,NA,0
9,1,1,1,0.389510108914409,1
9,1,1,0,NA,0
9,1,1,1,0.306251032409178,0
9,1,1,0,NA,0
9,1,1,1,0.607647663826832,1
9,1,1,0,NA,0
9,1,1,0,NA,0
9,1,1,0,NA,1
9,1,1,1,0.491664700006939,0
9,1,1,0,NA,0
9,1,1,0,NA,1
9,1,1,1,0.506929825832845,1
9,1,1,0,NA,0
9,1,1,1,0.232282778560673,1
9,1,1,0,NA,0
9,1,1,1,0.214625649148798,1
9,1,1,1,1.20996264909981,1
9,1,1,1,0.548962604008241,1
9,1,1,0,NA,0
9,1,1,1,0.870187029490112,1
9,1,1,0,NA,0
9,1,1,1,0.152872076270979,1
9,1,1,0,NA,0
9,2,1,0,NA,1
9,2,1,1,0.902588810719129,1
9,2,1,0,NA,1
9,2,1,1,0.231348913890946,0
9,2,1,0,NA,1
9,2,1,1,0.407699594446444,0
9,2,1,0,NA,1
9,2,1,1,0.663926023255772,0
9,2,1,1,0.214190679469797,0
9,2,1,1,0.971926049608889,0
9,2,1,0,NA,1
9,2,1,0,NA,0
9,2,1,0,NA,1
9,2,1,1,0.637502864753312,0
9,2,1,1,0.321766452414838,0
9,2,1,0,NA,0
9,2,1,1,0.275642173901537,0
9,2,1,1,0.514280799236897,0
9,2,1,1,0.718087102368647,0
9,2,1,0,NA,1
9,2,1,1,0.127894320915105,0
9,2,1,1,0.301999708976726,0
9,2,1,0,NA,1
9,2,1,1,0.662167740352777,1
9,2,1,1,0.366521382605401,0
9,2,1,1,1.67244771721577,1
9,2,1,1,0.504404222187651,1
9,2,1,0,NA,1
9,2,1,0,NA,1
9,2,1,0,NA,1
9,2,1,0,NA,1
9,2,1,1,0.237455456448831,0
9,2,1,1,0.440823266984296,0
9,2,1,0,NA,1
9,2,1,0,NA,1
9,2,1,1,0.736441154615429,0
9,2,1,0,NA,1
9,2,1,1,0.56737908842886,0
9,2,1,0,NA,1
9,2,1,0,NA,0
9,3,0,1,0.525967426432109,1
9,3,0,0,NA,0
9,3,0,0,NA,0
9,3,0,0,NA,0
9,3,0,1,0.209933023198652,1
9,3,0,1,0.469264295904533,1
9,3,0,0,NA,0
9,3,0,0,NA,0
9,3,0,1,1.24627642543272,1
9,3,0,0,NA,0
9,3,0,0,NA,0
9,3,0,1,0.349590664422526,0
9,3,0,1,0.589004101696476,1
9,3,0,1,0.57105901044635,0
9,3,0,1,0.205115382193016,1
9,3,0,0,NA,1
9,3,0,0,NA,0
9,3,0,1,0.69474125042838,1
9,3,0,0,NA,0
9,3,0,1,0.316661938182841,1
9,3,0,1,0.306909146017862,1
9,3,0,1,0.378951769659833,1
9,3,0,0,NA,1
9,3,0,1,0.840557948213882,1
9,3,0,0,NA,0
9,3,0,0,NA,0
9,3,0,0,NA,0
9,3,0,1,0.476489413853831,1
9,3,0,0,NA,0
9,3,0,1,0.368401099986991,0
9,3,0,1,0.693274994439563,1
9,3,0,1,0.302346821190531,1
9,3,0,1,0.936721292922327,1
9,3,0,1,0.657090682958968,0
9,3,0,0,NA,0
9,3,0,1,0.3156828032189,1
9,3,0,0,NA,0
9,3,0,1,0.501705832525852,0
9,3,0,1,0.967616140419229,1
9,3,0,0,NA,0
9,4,0,0,NA,1
9,4,0,1,0.598832315145904,0
9,4,0,1,0.314314925932117,0
9,4,0,0,NA,1
9,4,0,1,0.469374629506102,0
9,4,0,0,NA,0
9,4,0,0,NA,1
9,4,0,1,0.38767531339663,0
9,4,0,1,0.302474350904895,0
9,4,0,1,0.365543323339151,0
9,4,0,0,NA,1
9,4,0,0,NA,0
9,4,0,1,0.539026653388662,1
9,4,0,0,NA,1
9,4,0,0,NA,0
9,4,0,1,0.427306563245864,1
9,4,0,0,NA,1
9,4,0,0,NA,0
9,4,0,1,0.302664848836619,1
9,4,0,0,NA,1
9,4,0,1,0.402487901755027,0
9,4,0,0,NA,1
9,4,0,1,0.486234078583495,0
9,4,0,1,0.218137002306766,0
9,4,0,0,NA,1
9,4,0,0,NA,1
9,4,0,1,0.228359743007826,0
9,4,0,0,NA,1
9,4,0,1,0.615566403593719,1
9,4,0,1,0.637467307981974,0
9,4,0,0,NA,1
9,4,0,1,0.18016599680075,0
9,4,0,1,0.708517057333977,0
9,4,0,0,NA,1
9,4,0,1,0.235055730836334,0
9,4,0,1,0.618956073320447,0
9,4,0,0,NA,0
9,4,0,0,NA,1
9,4,0,1,0.237466876723889,0
9,4,0,1,0.677404630644454,0
10,1,1,1,0.371215802606141,0
10,1,1,1,0.506996601120973,1
10,1,1,1,0.360833379925019,1
10,1,1,0,NA,0
10,1,1,1,0.150399921241952,1
10,1,1,1,1.04983304599618,1
10,1,1,0,NA,0
10,1,1,0,NA,0
10,1,1,1,0.273836652539332,1
10,1,1,1,1.09415027722981,1
10,1,1,1,1.97630227691762,0
10,1,1,0,NA,0
10,1,1,0,NA,1
10,1,1,0,NA,0
10,1,1,1,0.329577138669899,0
10,1,1,0,NA,0
10,1,1,1,0.611723873861477,1
10,1,1,0,NA,0
10,1,1,1,0.658578092731607,1
10,1,1,1,0.653509110826576,1
10,1,1,1,1.28132811935114,1
10,1,1,1,0.561252413538562,1
10,1,1,0,NA,0
10,1,1,0,NA,0
10,1,1,0,NA,0
10,1,1,0,NA,0
10,1,1,1,0.594109626792731,0
10,1,1,1,1.08325446518054,1
10,1,1,1,0.263405176980181,1
10,1,1,0,NA,0
10,1,1,0,NA,1
10,1,1,0,NA,0
10,1,1,0,NA,0
10,1,1,0,NA,0
10,1,1,1,0.732413525295163,1
10,1,1,0,NA,0
10,1,1,1,0.654887493757541,1
10,1,1,1,0.496669500633661,1
10,1,1,1,0.747141988781441,1
10,1,1,1,1.18016159978618,1
10,2,1,0,NA,0
10,2,1,1,0.633316783552872,0
10,2,1,0,NA,1
10,2,1,1,0.954485145403465,0
10,2,1,0,NA,1
10,2,1,1,0.565353130641545,0
10,2,1,1,0.216512768618317,0
10,2,1,1,1.42012394964015,0
10,2,1,0,NA,1
10,2,1,1,0.287395236669171,0
10,2,1,1,0.203049018652753,0
10,2,1,1,1.37601451085818,0
10,2,1,0,NA,1
10,2,1,0,NA,1
10,2,1,0,NA,1
10,2,1,0,NA,1
10,2,1,1,0.520793463841819,0
10,2,1,1,0.227205666006121,0
10,2,1,0,NA,0
10,2,1,0,NA,1
10,2,1,1,0.480516191586925,0
10,2,1,0,NA,1
10,2,1,0,NA,1
10,2,1,0,NA,1
10,2,1,0,NA,0
10,2,1,0,NA,1
10,2,1,0,NA,1
10,2,1,0,NA,1
10,2,1,1,0.955870621624975,0
10,2,1,0,NA,1
10,2,1,0,NA,1
10,2,1,0,NA,1
10,2,1,1,0.647188144824022,1
10,2,1,0,NA,1
10,2,1,1,0.891032748342563,0
10,2,1,0,NA,1
10,2,1,1,0.732033975260929,0
10,2,1,0,NA,0
10,2,1,0,NA,1
10,2,1,0,NA,0
10,3,0,0,NA,0
10,3,0,0,NA,0
10,3,0,0,NA,0
10,3,0,1,0.846293077788176,0
10,3,0,1,1.63794163665684,0
10,3,0,0,NA,1
10,3,0,0,NA,1
10,3,0,1,0.746823798509319,1
10,3,0,0,NA,1
10,3,0,0,NA,0
10,3,0,0,NA,1
10,3,0,0,NA,0
10,3,0,0,NA,1
10,3,0,0,NA,1
10,3,0,0,NA,0
10,3,0,0,NA,1
10,3,0,0,NA,1
10,3,0,0,NA,1
10,3,0,1,0.680427180736347,1
10,3,0,0,NA,0
10,3,0,0,NA,0
10,3,0,0,NA,0
10,3,0,0,NA,0
10,3,0,1,0.994525936379119,0
10,3,0,0,NA,1
10,3,0,0,NA,0
10,3,0,0,NA,0
10,3,0,0,NA,0
10,3,0,1,0.354532201364368,1
10,3,0,0,NA,0
10,3,0,1,0.29192515649977,1
10,3,0,0,NA,0
10,3,0,1,1.09773014407273,0
10,3,0,1,0.392337672374334,1
10,3,0,1,1.1914217344436,0
10,3,0,0,NA,0
10,3,0,1,0.399608708990762,0
10,3,0,0,NA,0
10,3,0,1,1.47815155600616,1
10,3,0,1,0.850156602640672,1
10,4,0,1,0.667342100798007,0
10,4,0,0,NA,0
10,4,0,0,NA,1
10,4,0,0,NA,0
10,4,0,1,1.60357771580769,0
10,4,0,1,1.19945148024294,0
10,4,0,1,1.30834505970737,0
10,4,0,0,NA,1
10,4,0,1,1.01503838665807,0
10,4,0,0,NA,0
10,4,0,1,0.141606627459134,0
10,4,0,1,0.361630508522067,0
10,4,0,0,NA,1
10,4,0,0,NA,0
10,4,0,1,0.876919903925482,0
10,4,0,0,NA,1
10,4,0,1,0.415298227895818,0
10,4,0,0,NA,1
10,4,0,0,NA,1
10,4,0,0,NA,1
10,4,0,0,NA,0
10,4,0,1,0.744158234551766,1
10,4,0,0,NA,1
10,4,0,1,1.23699377589435,0
10,4,0,0,NA,0
10,4,0,0,NA,0
10,4,0,1,0.182943543141565,0
10,4,0,1,0.16298427242173,0
10,4,0,0,NA,1
10,4,0,1,0.40925666347545,0
10,4,0,1,0.665498367406745,1
10,4,0,0,NA,1
10,4,0,0,NA,1
10,4,0,0,NA,1
10,4,0,1,0.409508275879272,1
10,4,0,0,NA,1
10,4,0,1,0.607445867696191,0
10,4,0,1,0.524666956903411,0
10,4,0,0,NA,1
10,4,0,1,0.383099508028969,0
11,1,1,0,NA,0
11,1,1,1,0.305588009493236,1
11,1,1,0,NA,0
11,1,1,1,0.92201391419176,1
11,1,1,0,NA,0
11,1,1,0,NA,0
11,1,1,1,0.383243329545682,0
11,1,1,0,NA,0
11,1,1,1,1.00941910794346,1
11,1,1,0,NA,0
11,1,1,0,NA,0
11,1,1,0,NA,1
11,1,1,1,0.398252962521234,1
11,1,1,0,NA,0
11,1,1,1,0.592345232967354,1
11,1,1,1,0.922568206875543,0
11,1,1,1,0.898965880485815,1
11,1,1,1,0.295068636760257,1
11,1,1,1,0.309137750650803,1
11,1,1,1,0.730849396939718,1
11,1,1,0,NA,0
11,1,1,1,1.53580598273899,1
11,1,1,0,NA,0
11,1,1,1,0.392693609474741,1
11,1,1,1,0.407719602820453,1
11,1,1,0,NA,0
11,1,1,1,0.686165326889329,1
11,1,1,0,NA,0
11,1,1,1,0.259175644947345,0
11,1,1,0,NA,0
11,1,1,0,NA,0
11,1,1,0,NA,0
11,1,1,0,NA,0
11,1,1,1,0.844528730623776,1
11,1,1,1,0.73420637993074,1
11,1,1,1,0.512202816612043,1
11,1,1,0,NA,0
11,1,1,1,0.176577065346199,1
11,1,1,0,NA,0
11,1,1,1,0.412807641637733,0
11,2,1,1,1.39782909866609,1
11,2,1,1,0.201828453352482,1
11,2,1,1,0.428360415569161,0
11,2,1,1,0.733436944344761,0
11,2,1,1,1.22679784456557,0
11,2,1,0,NA,0
11,2,1,0,NA,0
11,2,1,0,NA,1
11,2,1,0,NA,1
11,2,1,0,NA,1
11,2,1,1,0.514312557961148,0
11,2,1,0,NA,1
11,2,1,0,NA,1
11,2,1,0,NA,1
11,2,1,1,0.445817671381308,0
11,2,1,0,NA,1
11,2,1,0,NA,1
11,2,1,0,NA,1
11,2,1,1,1.09477199785027,0
11,2,1,1,0.229405879550986,1
11,2,1,0,NA,1
11,2,1,0,NA,0
11,2,1,0,NA,1
11,2,1,0,NA,1
11,2,1,0,NA,0
11,2,1,0,NA,1
11,2,1,1,0.905647394924013,0
11,2,1,0,NA,1
11,2,1,0,NA,1
11,2,1,1,0.4252507795044,0
11,2,1,0,NA,1
11,2,1,0,NA,0
11,2,1,1,0.489372390719717,0
11,2,1,1,0.187900722171682,0
11,2,1,0,NA,1
11,2,1,0,NA,1
11,2,1,1,0.255015727120312,0
11,2,1,0,NA,1
11,2,1,0,NA,1
11,2,1,1,0.305108644663199,1
11,3,0,1,0.471758491071203,0
11,3,0,1,0.821770695830917,1
11,3,0,1,0.190580293072249,1
11,3,0,1,0.702883941608165,1
11,3,0,0,NA,0
11,3,0,1,0.500434943883574,1
11,3,0,1,0.267655618240439,0
11,3,0,0,NA,0
11,3,0,1,0.540028337515761,1
11,3,0,1,0.982208970460194,1
11,3,0,0,NA,0
11,3,0,0,NA,0
11,3,0,1,0.477081807805857,1
11,3,0,1,0.437402378107538,1
11,3,0,1,0.639230041988169,0
11,3,0,1,0.576691262835021,1
11,3,0,1,0.383859495351081,1
11,3,0,1,0.447909820635575,1
11,3,0,1,0.183403142719078,1
11,3,0,1,0.282662840139199,1
11,3,0,1,0.591030811649186,1
11,3,0,1,0.204798102108973,1
11,3,0,1,0.888708868555419,1
11,3,0,1,0.473461606790724,1
11,3,0,1,0.930682221173214,1
11,3,0,1,0.268569868042977,1
11,3,0,1,0.352352814639575,1
11,3,0,1,0.514440748511588,1
11,3,0,1,0.183600047085663,1
11,3,0,1,0.259345958155232,1
11,3,0,1,0.187035920671,1
11,3,0,1,0.251309850647751,0
11,3,0,1,0.264072829988278,1
11,3,0,1,0.19851631334665,0
11,3,0,1,0.256192475952716,1
11,3,0,1,0.799833804839733,1
11,3,0,0,NA,0
11,3,0,0,NA,0
11,3,0,1,0.173877454731308,1
11,3,0,0,NA,0
11,4,0,0,NA,1
11,4,0,0,NA,1
11,4,0,0,NA,1
11,4,0,0,NA,1
11,4,0,1,0.342745416553904,1
11,4,0,1,1.33114090111127,0
11,4,0,0,NA,0
11,4,0,0,NA,1
11,4,0,0,NA,0
11,4,0,0,NA,1
11,4,0,0,NA,1
11,4,0,1,0.342730167307856,0
11,4,0,1,1.14988736171935,0
11,4,0,0,NA,1
11,4,0,1,0.391894875476499,0
11,4,0,0,NA,1
11,4,0,0,NA,1
11,4,0,1,0.978645808162231,0
11,4,0,0,NA,0
11,4,0,0,NA,1
11,4,0,1,0.340330006766002,0
11,4,0,0,NA,1
11,4,0,1,1.18487394818111,0
11,4,0,1,0.521156795856775,0
11,4,0,1,0.537802279547648,0
11,4,0,0,NA,0
11,4,0,0,NA,1
11,4,0,0,NA,1
11,4,0,1,0.362631126862005,1
11,4,0,0,NA,1
11,4,0,0,NA,0
11,4,0,1,0.985500313559622,0
11,4,0,0,NA,1
11,4,0,0,NA,1
11,4,0,0,NA,1
11,4,0,1,0.610609337524979,0
11,4,0,0,NA,1
11,4,0,1,0.514412560168419,0
11,4,0,0,NA,1
11,4,0,1,0.293712135788374,0
12,1,1,0,NA,0
12,1,1,0,NA,0
12,1,1,0,NA,0
12,1,1,0,NA,0
12,1,1,1,0.296136370141705,1
12,1,1,0,NA,0
12,1,1,0,NA,0
12,1,1,1,0.982092698042426,1
12,1,1,0,NA,0
12,1,1,1,0.390937080881657,0
12,1,1,0,NA,0
12,1,1,0,NA,0
12,1,1,0,NA,0
12,1,1,0,NA,0
12,1,1,1,0.223620124841737,1
12,1,1,0,NA,0
12,1,1,1,0.598282461176935,1
12,1,1,1,1.04763530334995,1
12,1,1,1,0.457413716684317,1
12,1,1,0,NA,0
12,1,1,1,1.42631115814269,1
12,1,1,0,NA,0
12,1,1,0,NA,0
12,1,1,1,0.225574743943043,1
12,1,1,1,0.189668808436461,1
12,1,1,1,0.512252915560968,0
12,1,1,1,0.761257743080963,1
12,1,1,1,0.563332711317951,1
12,1,1,0,NA,1
12,1,1,1,0.220781572509245,1
12,1,1,1,0.587297603185425,1
12,1,1,0,NA,0
12,1,1,1,0.187701546114139,1
12,1,1,1,0.719402374031241,0
12,1,1,1,0.751293781438987,1
12,1,1,0,NA,0
12,1,1,1,1.57456274195556,1
12,1,1,1,0.451688023623601,0
12,1,1,0,NA,0
12,1,1,1,0.899944499484172,1
12,2,1,0,NA,1
12,2,1,0,NA,0
12,2,1,0,NA,1
12,2,1,1,0.255751696619141,0
12,2,1,0,NA,1
12,2,1,0,NA,1
12,2,1,1,0.289051055991902,0
12,2,1,1,1.78401886375286,0
12,2,1,1,0.480852820941724,1
12,2,1,0,NA,1
12,2,1,0,NA,0
12,2,1,0,NA,1
12,2,1,1,0.11272844753718,0
12,2,1,1,0.104230070712959,1
12,2,1,0,NA,1
12,2,1,1,1.06438642386308,0
12,2,1,0,NA,1
12,2,1,0,NA,1
12,2,1,1,0.133239640870121,0
12,2,1,1,0.560151586313944,0
12,2,1,0,NA,0
12,2,1,1,0.178621690923613,0
12,2,1,0,NA,1
12,2,1,1,1.50698608835026,0
12,2,1,0,NA,0
12,2,1,0,NA,1
12,2,1,0,NA,1
12,2,1,0,NA,1
12,2,1,0,NA,1
12,2,1,0,NA,0
12,2,1,0,NA,1
12,2,1,0,NA,1
12,2,1,0,NA,1
12,2,1,1,0.12682177619173,1
12,2,1,0,NA,0
12,2,1,0,NA,1
12,2,1,0,NA,1
12,2,1,1,0.464441916566375,0
12,2,1,0,NA,1
12,2,1,1,1.277796939542,0
12,3,0,0,NA,0
12,3,0,0,NA,0
12,3,0,1,0.0822110389150924,1
12,3,0,0,NA,0
12,3,0,0,NA,0
12,3,0,1,0.370075398319066,1
12,3,0,1,0.382047238123724,1
12,3,0,1,1.05948491459806,1
12,3,0,1,1.18698682476209,0
12,3,0,0,NA,0
12,3,0,1,1.42702578215187,1
12,3,0,1,1.04443442559153,0
12,3,0,0,NA,0
12,3,0,1,0.798150608378624,1
12,3,0,1,1.35042872325203,1
12,3,0,1,1.45755845923595,0
12,3,0,1,1.02304952509422,1
12,3,0,1,1.60804675967235,1
12,3,0,0,NA,0
12,3,0,1,0.646880597992696,1
12,3,0,1,1.15067205678355,1
12,3,0,0,NA,0
12,3,0,1,0.420892300839125,1
12,3,0,1,0.611582475513068,0
12,3,0,1,0.525521002398208,1
12,3,0,0,NA,1
12,3,0,0,NA,1
12,3,0,0,NA,0
12,3,0,0,NA,0
12,3,0,0,NA,0
12,3,0,1,0.427845050615665,1
12,3,0,0,NA,1
12,3,0,1,0.53188257867852,1
12,3,0,1,0.255746834567096,1
12,3,0,0,NA,0
12,3,0,0,NA,0
12,3,0,1,0.238471477141573,1
12,3,0,1,0.485198544888711,1
12,3,0,1,0.297595578500466,0
12,3,0,1,0.23855713286024,0
12,4,0,0,NA,1
12,4,0,1,1.39083740116326,0
12,4,0,1,0.245947029192759,0
12,4,0,0,NA,1
12,4,0,1,0.746983584228253,1
12,4,0,0,NA,1
12,4,0,0,NA,1
12,4,0,1,0.173074399707861,0
12,4,0,1,1.0991657278021,0
12,4,0,0,NA,1
12,4,0,0,NA,0
12,4,0,1,1.30193691048519,0
12,4,0,1,0.887753715595314,0
12,4,0,0,NA,1
12,4,0,0,NA,1
12,4,0,1,0.107222530898494,0
12,4,0,1,0.848090428497615,0
12,4,0,1,0.502533699592451,0
12,4,0,1,0.818721883333353,0
12,4,0,1,0.155633092780003,0
12,4,0,0,NA,1
12,4,0,0,NA,0
12,4,0,0,NA,1
12,4,0,0,NA,0
12,4,0,1,0.262945404702907,0
12,4,0,0,NA,1
12,4,0,1,0.932902452099267,0
12,4,0,1,0.110000126111216,0
12,4,0,1,0.264906229162989,0
12,4,0,1,0.13660233923118,0
12,4,0,0,NA,1
12,4,0,0,NA,1
12,4,0,0,NA,1
12,4,0,1,0.0748136854639452,0
12,4,0,1,0.140806888671596,0
12,4,0,1,0.212632532914866,0
12,4,0,0,NA,1
12,4,0,0,NA,1
12,4,0,0,NA,1
12,4,0,0,NA,0
